id,elapsed_time,start_date_local,distance,name,moving_time,type
6453977954,4099,2021-12-31 17:17:00.000000 UTC,0.0,Gym,4099,WeightTraining
6458421797,3600,2022-01-01 16:00:05.000000 UTC,21449.3,Homers Nose,3600,Ride
6463677611,2700,2022-01-02 13:52:18.000000 UTC,14350.9,Birch,2700,Ride
6469457016,7084,2022-01-03 17:47:50.000000 UTC,0.0,Pickle,7084,Workout
6469557997,1840,2022-01-03 21:04:32.000000 UTC,15396.4,Showing Silas the Zwift Ropes,1840,VirtualRide
6484539471,6841,2022-01-06 17:10:08.000000 UTC,0.0,Pickle ,6841,Workout
6488051914,576,2022-01-07 13:32:11.000000 UTC,4624.3,warmup,576,VirtualRide
6488131023,1389,2022-01-07 13:43:09.000000 UTC,8829.5,Ramp Test,1389,Ride
6488150022,1464,2022-01-07 13:43:54.000000 UTC,0.0,Ramp Test,1464,Ride
6488233756,1800,2022-01-07 14:10:43.000000 UTC,9350.1,Taku,1800,Ride
6499598877,17155,2022-01-09 10:29:39.000000 UTC,25531.7,Morning Activity,4965,AlpineSki
6504127084,2700,2022-01-10 15:18:29.000000 UTC,14170.3,Monitor -4,2700,Ride
6514370323,3358,2022-01-12 13:42:17.000000 UTC,17554.2,when your ride get cuts short by a work call üòí,3358,Ride
6520239295,8585,2022-01-13 16:56:57.000000 UTC,0.0,Pickleball,8585,Workout
6524350147,5400,2022-01-14 14:31:14.000000 UTC,29662.5,HEAVY BREATHING,5400,Ride
6539823685,7303,2022-01-14 18:00:11.000000 UTC,0.0,Pickle,7303,Workout
6539826002,3630,2022-01-15 11:40:06.000000 UTC,0.0,Pickle,3630,Workout
6539826785,601,2022-01-16 17:31:20.000000 UTC,0.0,Yoga,601,Yoga
6540164297,3600,2022-01-17 12:45:38.000000 UTC,21359.2,Grassy Ridge -2,3600,Ride
6551655434,3600,2022-01-19 17:45:15.000000 UTC,18898.7,Sweet spot,3600,Ride
6564871658,10765,2022-01-21 10:13:55.000000 UTC,15025.2,Morning Activity,2898,AlpineSki
6564872461,2137,2022-01-22 08:54:25.000000 UTC,0.0,Upper body ,2137,WeightTraining
6571660287,2939,2022-01-23 12:26:22.000000 UTC,0.0,Hungover pickleball,2939,Workout
6577332238,4565,2022-01-24 18:06:26.000000 UTC,0.0,Pickle,4565,Workout
6587654010,3600,2022-01-26 16:58:57.000000 UTC,18922.1,We. Will. Rebuild.,3600,Ride
6592547768,2310,2022-01-27 16:33:20.000000 UTC,0.0,We will rebuild part 2,2310,WeightTraining
6592871808,7165,2022-01-27 19:25:34.000000 UTC,2312.7,Evening Walk,2609,Walk
6601982730,3677,2022-01-29 14:49:19.000000 UTC,7045.4,What is outside ,3436,Ride
6612379249,3600,2022-01-31 14:47:06.000000 UTC,19651.4,Shining Rock,3600,Ride
6618025846,4030,2022-02-01 16:28:58.000000 UTC,0.0,Strength,4030,WeightTraining
6622791166,3600,2022-02-02 14:40:08.000000 UTC,18807.8,Ebbetts,3600,Ride
6631183929,7200,2022-02-03 16:30:00.000000 UTC,0.0,Advanced Pickle @ Gleneagles,7200,Workout
6632371686,3600,2022-02-04 16:30:44.000000 UTC,18750.9,Bashful,3600,Ride
6637746814,15431,2022-02-05 10:06:44.000000 UTC,22914.2,Morning Activity,4400,AlpineSki
6648147201,8501,2022-02-07 15:23:27.000000 UTC,53621.9,Afternoon Ride,7566,Ride
6653756562,4207,2022-02-08 16:35:42.000000 UTC,0.0,Strength,4207,WeightTraining
6658123862,3600,2022-02-09 12:16:10.000000 UTC,18717.1,Beech,3600,Ride
6658432541,900,2022-02-09 13:30:00.000000 UTC,0.0,yoger,900,Yoga
6658946136,3594,2022-02-09 16:03:46.000000 UTC,0.0,Outdoor pickle,3594,Workout
6668772471,4199,2022-02-11 16:21:06.000000 UTC,0.0,Strength,4199,WeightTraining
6673727066,3720,2022-02-12 11:11:13.000000 UTC,7911.1,Lunch Ride,3675,Ride
6680060659,8011,2022-02-13 10:17:10.000000 UTC,0.0,Outdoor pickle with the boys,8011,Workout
6684227648,3600,2022-02-14 14:33:24.000000 UTC,19041.0,Avalanche Spire -2,3600,Ride
6689813251,3985,2022-02-15 16:09:13.000000 UTC,0.0,Gym,3985,WeightTraining
6694174877,3600,2022-02-16 13:53:55.000000 UTC,18734.8,Gros Morne,3600,Ride
6694855715,3927,2022-02-16 17:20:52.000000 UTC,17054.7,Sunset MTB,3606,Ride
6699917100,8468,2022-02-17 16:40:00.000000 UTC,0.0,Pickleball @ Gleneagles ,8468,Workout
6703784338,4305,2022-02-18 16:15:19.000000 UTC,11117.8,TGIF,4144,Ride
6709348371,3300,2022-02-19 10:50:58.000000 UTC,0.0,Cam‚Äôs Garage Gym,3300,WeightTraining
6714522573,18803,2022-02-20 09:43:08.000000 UTC,26422.1,Morning Activity,4860,AlpineSki
6718331308,4078,2022-02-21 12:22:36.000000 UTC,8130.6,Lunch Ride,3831,Ride
6722933971,8365,2022-02-21 15:10:43.000000 UTC,0.0,Outdoor pickleball ,8365,Workout
6723943486,3600,2022-02-22 15:16:36.000000 UTC,19965.6,Sanford +3,3600,Ride
6724060008,1727,2022-02-22 16:25:47.000000 UTC,0.0,Yoga,1727,Yoga
6729503395,4019,2022-02-23 16:46:00.000000 UTC,0.0,Delbrooke Gym,4019,WeightTraining
6732890979,3600,2022-02-24 10:40:59.000000 UTC,20313.7,Torbert -3,3600,Ride
6734291178,8412,2022-02-24 16:37:33.000000 UTC,0.0,Looong pickleball session,8412,Workout
6748632713,2748,2022-02-26 08:20:10.000000 UTC,0.0,Hangover City,2748,WeightTraining
6753508521,4500,2022-02-28 13:03:29.000000 UTC,26456.4,Baxter -1,4500,Ride
6764038204,3600,2022-03-02 14:20:38.000000 UTC,19350.2,Echo -5,3600,Ride
6764927364,3721,2022-03-02 20:16:15.000000 UTC,0.0,Gym,3721,WeightTraining
6769741608,8554,2022-03-03 16:39:24.000000 UTC,0.0,Pickleball,8554,Workout
6773845565,7342,2022-03-04 14:41:51.000000 UTC,43391.5,Afternoon Ride,6772,Ride
6779134771,19326,2022-03-05 10:12:52.000000 UTC,30643.6,Morning Activity,5476,AlpineSki
6783914353,4246,2022-03-06 09:01:49.000000 UTC,8439.4,Morning Ride,4145,Ride
6790212323,4299,2022-03-07 18:24:21.000000 UTC,0.0,Post Booster Gym,4299,WeightTraining
6795144078,3352,2022-03-08 16:37:35.000000 UTC,0.0,Pickleball,3352,Workout
6799578383,4500,2022-03-09 12:35:44.000000 UTC,26513.8,Izaak Walton -3,4500,Ride
6805645483,7939,2022-03-10 16:52:22.000000 UTC,0.0,Pickleball,7939,Workout
6814906238,5396,2022-03-12 10:37:48.000000 UTC,6118.7,Morning Hike,5323,Hike
6814888676,8425,2022-03-12 13:46:41.000000 UTC,0.0,Pickleball,8425,Workout
6825984259,4500,2022-03-14 21:14:19.000000 UTC,29602.8,Cumberland -3,4500,Ride
6840385120,2820,2022-03-17 14:16:43.000000 UTC,18444.4,Goddard -4,2820,Ride
6841012331,3957,2022-03-17 16:49:50.000000 UTC,0.0,WEIGHTS,3957,WeightTraining
6851386553,18593,2022-03-19 09:43:08.000000 UTC,40427.5,Morning Activity,14868,AlpineSki
6867653065,4560,2022-03-22 17:45:56.000000 UTC,26595.1,Whorl,4560,Ride
6873065092,6290,2022-03-23 17:19:24.000000 UTC,41715.5,more life,5861,Ride
6878212114,8320,2022-03-24 16:43:42.000000 UTC,0.0,Indoor Pickleball @ Gleneagles,8320,Workout
6893449433,4105,2022-03-25 17:06:24.000000 UTC,0.0,Gym wit Sealas,4105,WeightTraining
6893453948,11595,2022-03-27 08:44:20.000000 UTC,14670.5,Morning Activity,3046,AlpineSki
6899144988,4469,2022-03-28 16:30:11.000000 UTC,31252.2,Indigestion,4393,Ride
6904214024,5659,2022-03-29 15:01:14.000000 UTC,37997.8,Afternoon Ride,5246,Ride
6908944336,1158,2022-03-30 15:38:00.000000 UTC,5984.0,Afternoon Ride,1044,Ride
6909295060,6174,2022-03-30 16:04:18.000000 UTC,0.0,Pickle ,6174,Workout
6909349082,1402,2022-03-30 17:48:25.000000 UTC,0.0,Pickle ,1402,Workout
6909407070,1079,2022-03-30 18:18:32.000000 UTC,6582.0,Evening Ride,985,Ride
6917953118,5795,2022-04-01 17:46:20.000000 UTC,0.0,Gym,5795,WeightTraining
6928677190,3161,2022-04-03 09:39:22.000000 UTC,4209.8,Runyon Canyon,3063,Hike
6932781560,2536,2022-04-04 11:43:40.000000 UTC,9645.8,Being a tourist,2475,Ride
6942431220,4096,2022-04-06 10:49:26.000000 UTC,5044.9,Morning Hike,3978,Hike
6967685507,4821,2022-04-11 17:04:15.000000 UTC,32223.3,Discover Weekly,4548,Ride
6978398446,3994,2022-04-13 19:03:12.000000 UTC,28436.1,Dollarton Laps,3906,Ride
6983348503,4395,2022-04-14 18:12:02.000000 UTC,30134.7,Evening Ride,4158,Ride
6986576632,1794,2022-04-15 08:44:46.000000 UTC,6384.3,Morning Ride,1529,Ride
7010015299,5950,2022-04-19 16:24:34.000000 UTC,36221.3,Afternoon Ride,5392,Ride
7015336567,4306,2022-04-20 16:41:39.000000 UTC,0.0,Pickleball,4306,Workout
7015607642,4158,2022-04-20 18:11:31.000000 UTC,0.0,First gym in a while,4158,WeightTraining
7025432249,8497,2022-04-22 16:31:09.000000 UTC,50357.6,Afternoon Ride,7379,Ride
7030716397,8804,2022-04-23 15:14:05.000000 UTC,0.0,Pickleball,8804,Workout
7041586715,3956,2022-04-25 17:32:12.000000 UTC,0.0,Method Ride 60,3956,Ride
7052464894,10793,2022-04-27 16:09:25.000000 UTC,46540.0,Afternoon Ride,6797,Ride
7057739005,900,2022-04-28 17:56:02.000000 UTC,5011.3,Afternoon Ride,779,Ride
7057739152,1723,2022-04-28 18:15:59.000000 UTC,20723.6,First Race in 6 years... 3rd place!,1723,Ride
7057739215,1683,2022-04-28 18:48:47.000000 UTC,7010.9,Evening Ride,1064,Ride
7073359964,3651,2022-05-01 15:01:54.000000 UTC,0.0,Gym (neglecting this lately),3651,WeightTraining
7073589836,3861,2022-05-01 17:25:16.000000 UTC,23529.8,Afternoon Ride,3736,Ride
7084306038,4744,2022-05-03 16:14:50.000000 UTC,28206.0,Wet one,4486,Ride
7090119904,4424,2022-05-04 19:30:32.000000 UTC,0.0,Gym,4424,WeightTraining
7095328697,7419,2022-05-05 16:57:07.000000 UTC,0.0,Pickleball üèì ,7419,Workout
7105031318,5611,2022-05-07 14:15:44.000000 UTC,37039.9,Afternoon Ride,5543,Ride
7111152317,7284,2022-05-08 15:16:58.000000 UTC,0.0,Pickle,7284,Workout
7111341731,4127,2022-05-08 18:08:43.000000 UTC,28664.5,Evening Ride,4024,Ride
7122636148,4867,2022-05-10 17:56:26.000000 UTC,5804.8,Afternoon Run,4867,Hike
7128179535,7624,2022-05-11 17:18:24.000000 UTC,35884.1,Afternoon Ride,5379,Ride
7138249815,4291,2022-05-12 18:18:04.000000 UTC,0.0,Gym,4291,WeightTraining
7142930299,2341,2022-05-14 10:53:32.000000 UTC,4612.7,Morning Ride,2297,Ride
7149554086,1883,2022-05-15 14:07:58.000000 UTC,5064.7,Afternoon Run,1815,Run
7155057772,7168,2022-05-16 16:44:20.000000 UTC,38905.4,Afternoon Ride,6454,Ride
7191714881,1833,2022-05-23 12:27:43.000000 UTC,0.0,Posterior Chain Prehab Circuit,1833,Workout
7192209585,741,2022-05-23 15:05:36.000000 UTC,3643.1,Afternoon Ride,647,Ride
7229650342,3517,2022-05-30 16:31:15.000000 UTC,2744.8,Covid got me good üòÆ‚Äçüí®,3028,Run
7234913703,5119,2022-05-31 16:05:51.000000 UTC,28206.8,Detour Day,4601,Ride
7240424741,5932,2022-06-01 16:08:01.000000 UTC,31011.7,Afternoon Ride,5077,Ride
7245741478,2931,2022-06-02 16:11:50.000000 UTC,2633.5,Without a paddle,2850,StandUpPaddling
7250130738,3668,2022-06-03 13:18:09.000000 UTC,0.0,Incoming DOMS,3668,WeightTraining
7255732697,4495,2022-06-04 12:30:01.000000 UTC,5322.8,Lunch Hike,4495,Hike
7256493026,4788,2022-06-04 17:24:54.000000 UTC,33128.3,Afternoon Ride,4508,Ride
7272206562,3748,2022-06-06 18:26:13.000000 UTC,0.0,Jaybird with Sarah,3748,Workout
7272206854,8191,2022-06-07 12:11:08.000000 UTC,57216.0,"Lunch ""Appointment""",7836,Ride
7273338289,4050,2022-06-07 19:48:15.000000 UTC,0.0,Gym with Silas,4050,WeightTraining
7278350043,6080,2022-06-08 16:15:57.000000 UTC,0.0,Pickleball,6080,Workout
7288703529,3084,2022-06-10 12:52:59.000000 UTC,2042.8,Lunch Stand Up Paddling,1726,StandUpPaddling
7299950442,5984,2022-06-12 18:11:30.000000 UTC,39830.7,Evening Ride,5593,Ride
7304791301,6304,2022-06-13 16:21:37.000000 UTC,9138.9,Afternoon hike,6248,Hike
7309566718,3415,2022-06-14 12:31:45.000000 UTC,0.0,Lunch Weight Training,3415,WeightTraining
7310393743,3099,2022-06-14 16:43:51.000000 UTC,19587.0,Afternoon Ride,2931,Ride
7320636354,4827,2022-06-16 12:06:22.000000 UTC,27792.9,Lunch Ride,4391,Ride
7326039615,2099,2022-06-17 13:03:25.000000 UTC,2045.4,Afternoon Hike,1827,Hike
7342393648,8231,2022-06-20 16:14:35.000000 UTC,51006.6,Afternoon Ride,7913,Ride
7347563292,3527,2022-06-21 14:46:58.000000 UTC,0.0,Afternoon Weight Training,3527,WeightTraining
7352935253,5578,2022-06-22 13:18:42.000000 UTC,37011.7,sunny guy,5289,Ride
7353789166,1516,2022-06-22 19:41:43.000000 UTC,746.4,Pickleball,1268,Workout
7358619204,3775,2022-06-23 15:23:39.000000 UTC,0.0,Park üèãÔ∏è‚Äç‚ôÄÔ∏è workout,3775,WeightTraining
7358619210,549,2022-06-23 16:35:03.000000 UTC,453.7,Quick pickle ,549,Workout
7379669652,4714,2022-06-27 15:35:02.000000 UTC,6581.4,Afternoon Hike,4446,Run
7390861655,4985,2022-06-29 18:44:55.000000 UTC,0.0,Trying to cram in some training before another 4 day weekend üò¥ ,4985,WeightTraining
7411804297,1743,2022-07-03 20:39:00.000000 UTC,0.0,Foot & Hip Mobility with Keira D‚ÄôAmato,1743,Workout
7411832702,1215,2022-07-03 21:08:32.000000 UTC,0.0,Heather MacLean's Core Routine,1215,Workout
7416270074,3830,2022-07-04 13:42:56.000000 UTC,0.0,Afternoon Weight Training,3830,WeightTraining
7422405551,8966,2022-07-05 16:22:42.000000 UTC,3320.8,Afternoon Pickleball,6298,Workout
7426617086,6630,2022-07-06 10:56:44.000000 UTC,48230.9,Big Booty Mix #17,6415,Ride
7432941457,4895,2022-07-07 16:13:01.000000 UTC,10808.4,Afternoon Mountain Bike Ride,4712,Ride
7437116729,3899,2022-07-08 13:33:14.000000 UTC,0.0,Afternoon Weight Training,3899,WeightTraining
7437267997,747,2022-07-08 14:41:00.000000 UTC,0.0,Afternoon Yoga,747,Yoga
7442205961,12035,2022-07-09 08:34:07.000000 UTC,11288.6,Morning Hike,11435,Hike
7448823275,8737,2022-07-10 14:29:52.000000 UTC,3666.7,Pickleball,6374,Workout
7449152494,4101,2022-07-10 18:50:38.000000 UTC,29076.6,Bad bike day üò§ ,4048,Ride
7457432893,2596,2022-07-11 18:43:19.000000 UTC,1610.8,Evening Stand Up Paddling,2123,StandUpPaddling
7460040940,5679,2022-07-12 18:10:51.000000 UTC,0.0,Strength (push focus),5679,WeightTraining
7465604475,2067,2022-07-13 20:22:06.000000 UTC,6241.1,Evening Run,1990,Run
7471053710,7550,2022-07-14 19:44:16.000000 UTC,5626.2,Evening Golf,5856,Golf
7475728882,3788,2022-07-15 19:07:20.000000 UTC,0.0,Evening Weight Training,3788,WeightTraining
7481063254,5033,2022-07-16 17:13:20.000000 UTC,2251.3,Pickle,4114,Workout
7481304469,2209,2022-07-16 20:22:04.000000 UTC,6425.5,Evening Run,2103,Run
7497376422,11704,2022-07-19 17:05:38.000000 UTC,10250.0,St. Marks Summit,9351,Hike
7511095476,1617,2022-07-21 13:55:41.000000 UTC,0.0,Quick Hotel Gym Circuit,1617,WeightTraining
7511858154,2823,2022-07-22 12:42:41.000000 UTC,2786.7,Lunch Stand Up Paddling,2615,StandUpPaddling
7517437809,3264,2022-07-23 12:35:59.000000 UTC,0.0,Lunch Weight Training,3264,WeightTraining
7526491110,303,2022-07-25 07:12:46.000000 UTC,881.7,Morning Run,300,Run
7526491123,3131,2022-07-25 07:19:34.000000 UTC,0.0,Not a morning person ,3131,WeightTraining
7529020771,6154,2022-07-25 16:59:21.000000 UTC,38183.5,Sleeves Optional,5885,Ride
7540645702,6925,2022-07-27 18:03:58.000000 UTC,2983.0,Pickleball,5661,Workout
7540841406,4101,2022-07-27 20:47:03.000000 UTC,17223.7,Evening Ride,3429,Ride
7541204738,5820,2022-07-27 22:23:45.000000 UTC,24081.8,Night Ride,4673,Ride
7545854342,2951,2022-07-28 15:07:00.000000 UTC,0.0,Afternoon Weight Training,2951,WeightTraining
7551173636,8737,2022-07-29 19:00:56.000000 UTC,5551.5,Evening Golf,5359,Golf
7554826574,6004,2022-07-30 08:17:25.000000 UTC,33724.5,Morning Ride,5185,Ride
7555497986,2663,2022-07-30 11:59:22.000000 UTC,2599.1,Lunch Stand Up Paddling,2035,StandUpPaddling
7556527304,3767,2022-07-30 18:47:17.000000 UTC,1750.6,Big day of activities ,2707,Workout
7560660347,7180,2022-07-31 08:48:14.000000 UTC,42736.4,Morning Ride,6946,Ride
7572803840,3891,2022-08-02 13:51:21.000000 UTC,0.0,Afternoon Weight Training,3891,WeightTraining
7573539889,3067,2022-08-02 19:11:31.000000 UTC,1551.9,Evening Workout,2890,Workout
7579089817,5646,2022-08-03 17:15:35.000000 UTC,35114.8,Climbing,5508,Ride
7584701462,1603,2022-08-04 19:28:12.000000 UTC,5192.7,Evening Mountain Bike Ride,1603,Ride
7589629223,8096,2022-08-05 17:48:02.000000 UTC,4023.4,Afternoon Workout,6405,Workout
7594439499,10741,2022-08-06 11:08:49.000000 UTC,15074.7,Lunch Mountain Bike Ride,6458,Ride
7595030507,4057,2022-08-06 17:20:17.000000 UTC,1649.8,Afternoon Workout,3027,Workout
7601168610,8146,2022-08-07 18:53:17.000000 UTC,5347.8,Evening Golf,5196,Golf
7606302705,7322,2022-08-08 17:00:56.000000 UTC,47473.2,Afternoon Ride,6692,Ride
7634054550,2003,2022-08-13 16:01:08.000000 UTC,5079.3,Afternoon Ride,1521,Ride
7642936029,865,2022-08-14 12:30:28.000000 UTC,3671.2,Lunch Ride,837,Ride
7642939308,1111,2022-08-14 20:28:36.000000 UTC,3259.2,Evening Ride,1043,Ride
7642941918,780,2022-08-15 10:46:11.000000 UTC,2315.7,Morning Ride,648,Ride
7644733535,4263,2022-08-15 17:49:16.000000 UTC,7538.8,Afternoon Ride,2491,Ride
7644810084,818,2022-08-15 19:10:46.000000 UTC,2793.6,Evening Ride,761,Ride
7645415714,1396,2022-08-15 23:02:26.000000 UTC,4239.6,Night Ride,1153,Ride
7671618213,5777,2022-08-20 10:56:29.000000 UTC,28696.6,Easing back into it,4373,Ride
7671956435,1851,2022-08-20 13:50:01.000000 UTC,0.0,Quick Park workout ‚òÄÔ∏è,1851,WeightTraining
7672005208,954,2022-08-20 14:24:18.000000 UTC,0.0,Yoga in the sun ,954,Yoga
7683761156,4162,2022-08-22 17:16:34.000000 UTC,24510.4,mullet man,4045,Ride
7688468579,3045,2022-08-23 11:41:21.000000 UTC,0.0,Weight Training,3045,WeightTraining
7695699557,7357,2022-08-24 17:23:40.000000 UTC,55569.8,tempo sweat sesh ü•µ,7299,Ride
7700946442,1527,2022-08-25 17:23:07.000000 UTC,701.6,Afternoon Workout,1382,Workout
7706277084,6396,2022-08-26 17:35:19.000000 UTC,4260.5,Afternoon Golf,4561,Golf
7717367915,10534,2022-08-28 10:16:42.000000 UTC,14148.2,Spartan Race,8306,Run
7728901844,5087,2022-08-30 18:17:39.000000 UTC,2771.5,Evening Workout,3601,Workout
7734216117,3063,2022-08-31 16:41:35.000000 UTC,19164.0,Picnic commute,2798,Ride
7734537640,3188,2022-08-31 19:15:24.000000 UTC,20968.2,Evening Ride,3032,Ride
7744877334,4932,2022-09-02 18:29:48.000000 UTC,2070.4,Evening Workout,3201,Workout
7749689735,14852,2022-09-03 10:16:45.000000 UTC,25795.0,Bucket List Ride ‚úîÔ∏è,11819,Ride
7755781339,4148,2022-09-04 13:13:35.000000 UTC,0.0,Strength,4148,WeightTraining
7767120299,4273,2022-09-06 17:47:48.000000 UTC,2380.7,Easy GG with work peeps ,3518,Run
7772626748,3123,2022-09-07 17:12:38.000000 UTC,24394.6,Tempo/Threshold Quickie,3045,Ride
7777833891,4977,2022-09-08 17:36:06.000000 UTC,0.0,Gym sessione ,4977,WeightTraining
7782354665,7977,2022-09-09 15:53:22.000000 UTC,4491.7,Afternoon Workout,5971,Workout
7787548821,8315,2022-09-10 08:34:43.000000 UTC,59013.8,Scenic route to Golden Ears,8191,Ride
7804595401,5047,2022-09-13 16:03:22.000000 UTC,0.0,Jim,5047,WeightTraining
7815574502,7934,2022-09-15 19:01:04.000000 UTC,53138.8,Night rider,7563,Ride
7824987540,5352,2022-09-17 14:45:41.000000 UTC,0.0,Jim,5352,WeightTraining
7834547989,13636,2022-09-18 14:04:03.000000 UTC,8873.4,hungover pickleball,11740,Workout
7836043773,4214,2022-09-19 17:38:17.000000 UTC,26591.9,Afternoon Ride,4112,Ride
7841179231,2757,2022-09-20 15:36:21.000000 UTC,0.0,Nike mobility ,2757,Yoga
7847009674,4830,2022-09-21 16:42:39.000000 UTC,0.0,Upper body strength ,4830,WeightTraining
7872621574,4805,2022-09-26 16:40:05.000000 UTC,0.0,Full body strength ,4805,WeightTraining
7872621655,672,2022-09-26 18:03:26.000000 UTC,0.0,Evening Yoga,672,Yoga
7877624926,2746,2022-09-27 16:44:45.000000 UTC,506.4,Alternative rock fuelled trainer ride ,2746,Ride
7887166699,4941,2022-09-29 14:13:17.000000 UTC,0.0,Full body strength ,4941,WeightTraining
7891633282,2391,2022-09-30 15:20:33.000000 UTC,0.0,Trainer 30/30,2391,Ride
7897130605,14176,2022-10-01 10:45:11.000000 UTC,9655.3,Mt Cheam,9604,Hike
7902930168,9206,2022-10-02 16:36:11.000000 UTC,6663.2,Afternoon Golf,6833,Golf
7907809126,4457,2022-10-03 17:25:50.000000 UTC,0.0,Gym wit Sean,4457,WeightTraining
7913172455,2054,2022-10-04 17:43:03.000000 UTC,6210.0,Afternoon Run,1997,Run
7918506213,6766,2022-10-05 16:59:50.000000 UTC,3962.8,Pickle ,5375,Workout
7938858804,7594,2022-10-09 12:53:02.000000 UTC,5313.6,Pickleball,6583,Workout
7943354227,3789,2022-10-10 12:33:33.000000 UTC,6437.5,Rain dancer,3698,Run
7944125265,6502,2022-10-10 16:33:42.000000 UTC,4880.0,Afternoon Workout,5993,Workout
7949577365,4847,2022-10-11 17:30:39.000000 UTC,3842.8,Pickleball,4742,Workout
7955144986,2413,2022-10-12 20:23:59.000000 UTC,22676.0,Zwift - Grin And Bear It in Watopia,2413,VirtualRide
7959643256,2928,2022-10-13 17:31:21.000000 UTC,0.0,Barry‚Äôs Bootcamp: run x abs & ass,2928,Workout
7963994631,3888,2022-10-14 16:36:41.000000 UTC,0.0,Afternoon Weight Training,3888,WeightTraining
7968626017,8768,2022-10-15 11:04:09.000000 UTC,5202.2,Lunch Workout,6868,Workout
7974375188,2879,2022-10-16 11:16:42.000000 UTC,0.0,Barry‚Äôs Bootcamp: full body run & lift,2879,Workout
7979956465,5308,2022-10-17 17:00:01.000000 UTC,4231.3,Afternoon Workout,5275,Workout
7985436302,5257,2022-10-18 17:44:28.000000 UTC,0.0,Full Body Strength üí™,5257,WeightTraining
7990435250,3109,2022-10-19 17:32:52.000000 UTC,2365.0,Chill Pickle,3109,Workout
8004243948,9299,2022-10-22 12:52:54.000000 UTC,6527.9,More pickleball,8140,Workout
8009443226,2946,2022-10-23 12:21:09.000000 UTC,0.0,Barry‚Äôs Bootcamp Total Body x Run,2946,Workout
8014650729,2607,2022-10-24 17:35:59.000000 UTC,0.0,afternoon ride,2607,Ride
8025142563,3824,2022-10-26 17:19:11.000000 UTC,0.0,Strength training,3824,WeightTraining
8025142398,781,2022-10-26 18:24:46.000000 UTC,0.0,Lil stretch action,781,Yoga
8029754439,4342,2022-10-27 15:16:50.000000 UTC,0.0,Strength,4342,WeightTraining
8034670006,6821,2022-10-28 18:12:25.000000 UTC,0.0,Easy pickle ,6821,Workout
8039345998,10478,2022-10-29 12:30:48.000000 UTC,24550.8,Mountain Bhike Ride,9698,Ride
8045521457,4826,2022-10-30 15:36:34.000000 UTC,0.0,Strength,4826,WeightTraining
8050176180,7968,2022-10-31 15:38:30.000000 UTC,0.0,Afternoon Workout,7968,Workout
8055680348,5213,2022-11-01 18:03:44.000000 UTC,0.0,Evening Weight Training,5213,WeightTraining
8060524830,4914,2022-11-02 16:29:03.000000 UTC,3316.0,Afternoon Workout,4693,Workout
8060813242,2263,2022-11-02 20:37:22.000000 UTC,6122.1,Evening Run,2049,Run
8069662972,5354,2022-11-04 17:58:30.000000 UTC,0.0,Strength,5354,WeightTraining
8074611242,7167,2022-11-05 15:33:54.000000 UTC,4724.2,Afternoon Workout,6432,Workout
8080097709,3377,2022-11-06 14:44:14.000000 UTC,5135.1,Dog mountain pow(d)er hike ‚ùÑÔ∏è ,2936,Run
8090317397,7025,2022-11-08 18:50:53.000000 UTC,0.0,Reverting to gym bro status,7025,WeightTraining
8095153544,2786,2022-11-09 19:38:55.000000 UTC,7386.8,Evening Run,2475,Run
8103043562,4858,2022-11-11 09:38:00.000000 UTC,4993.4,Morning Hike,4363,Hike
8103895212,9094,2022-11-11 13:20:10.000000 UTC,5504.8,Pickle,7720,Workout
8109797073,4585,2022-11-12 20:30:35.000000 UTC,7918.8,8 hundies with Silas,2194,Run
8133357082,3180,2022-11-17 15:49:20.000000 UTC,2212.0,Afternoon Workout,2993,Workout
8141344650,7214,2022-11-19 10:59:07.000000 UTC,13814.7,Morning Mountain Bike Ride,6452,Ride
8147145039,9487,2022-11-20 14:09:03.000000 UTC,6251.9,Pickleball,8516,Workout
8160352309,4709,2022-11-23 17:45:40.000000 UTC,0.0,Afternoon Weight Training,4709,WeightTraining
8169002044,3715,2022-11-25 20:03:44.000000 UTC,6831.7,Track Run,1976,Run
8178175539,11648,2022-11-27 12:18:08.000000 UTC,6796.8,Lunch Workout,9574,Workout
8178361344,3374,2022-11-27 16:04:17.000000 UTC,0.0,Coached Strength Session,3374,WeightTraining
8187574547,5760,2022-11-29 19:13:05.000000 UTC,0.0,Pull Strength Workout with Silas,5760,WeightTraining
8200051037,3889,2022-12-02 18:24:57.000000 UTC,0.0,Evening Weight Training,3889,WeightTraining
8203275703,6924,2022-12-03 09:50:43.000000 UTC,12222.4,Morning Nordic Ski,5629,NordicSki
8203812195,2630,2022-12-03 14:37:10.000000 UTC,1617.2,Slow pickle ,2630,Workout
8208822841,4198,2022-12-04 15:59:59.000000 UTC,0.0,Coached Strength Session,4198,WeightTraining
8213103429,5805,2022-12-05 19:00:08.000000 UTC,0.0,Bouldering + Yin Yoga,5805,Workout
8217611596,1803,2022-12-06 19:40:47.000000 UTC,14687.3,It‚Äôs been a minute,1779,VirtualRide
8226061926,5428,2022-12-08 17:19:00.000000 UTC,0.0,Afternoon Weight Training,5428,WeightTraining
8229781161,2759,2022-12-09 19:57:47.000000 UTC,27298.6,Endurance pace partner,2759,VirtualRide
8233719537,15616,2022-12-10 11:55:15.000000 UTC,12553.4,Lunch Golf,13673,Golf
8246162608,4912,2022-12-13 18:33:53.000000 UTC,0.0,Strength Training: legs & pull,4912,WeightTraining
8249957660,1900,2022-12-14 18:28:02.000000 UTC,0.0,Zwift Workout,1900,Ride
8253617759,1872,2022-12-15 17:47:49.000000 UTC,0.0,Strength: quick push & abs,1872,WeightTraining
8260577134,5915,2022-12-17 12:32:38.000000 UTC,7500.6,Lunch Nordic Ski,2832,NordicSki
8264511248,2851,2022-12-18 11:25:29.000000 UTC,3858.4,Walk to pick up truck from party,2815,Hike
8268433322,3797,2022-12-19 13:48:49.000000 UTC,0.0,Upper Body Strength Session,3797,WeightTraining
8272958636,1854,2022-12-20 17:24:39.000000 UTC,0.0,vo2 min,1854,Ride
8276908119,3535,2022-12-21 17:18:10.000000 UTC,0.0,Afternoon Weight Training,3535,WeightTraining
8280796603,4754,2022-12-22 19:36:33.000000 UTC,0.0,Evening Weight Training,4754,WeightTraining
8287795327,3732,2022-12-24 13:02:49.000000 UTC,0.0,Weights/HIIT,3732,WeightTraining
8295580929,3260,2022-12-26 15:19:41.000000 UTC,0.0,Upper body/core strength,3260,WeightTraining
8309834594,4761,2022-12-29 19:24:02.000000 UTC,0.0,Gym: Full Body (high rep focus),4761,WeightTraining
8318778135,4079,2022-12-31 14:58:56.000000 UTC,0.0,HIIT circuit training,4079,WeightTraining
8328884946,7267,2023-01-02 14:12:57.000000 UTC,4852.1,Pickleball,6475,Workout
8334778251,3466,2023-01-03 19:10:06.000000 UTC,0.0,Evening Weight Training,3466,WeightTraining
8340250318,4401,2023-01-04 20:31:34.000000 UTC,0.0,Evening Weight Training - train what isn‚Äôt sore ,4401,WeightTraining